City_ID,City,Country,Lat,Lng,Max Temp,Humidity,Cloudiness,Wind Speed,Current Description
0,Mataura,NZ,-46.1927,168.8643,55.0,96,100,1.99,overcast clouds
1,Karabulak,RU,43.3036,44.8964,60.01,82,5,8.95,clear sky
2,Dikson,RU,73.5069,80.5464,11.75,95,19,7.54,few clouds
3,Te Anau,NZ,-45.4167,167.7167,58.05,97,100,2.01,light rain
4,Hervey Bay,AU,-25.2986,152.8535,64.99,92,100,3.0,overcast clouds
5,Ribeira Grande,PT,38.5167,-28.7,64.4,68,40,14.97,scattered clouds
6,Bengkulu,ID,-3.8004,102.2655,75.81,90,40,4.32,light rain
7,Busselton,AU,-33.65,115.3333,55.0,93,100,1.01,overcast clouds
8,Samarai,PG,-10.6167,150.6667,80.82,84,18,12.37,light rain
9,Pangai,TO,-19.8,-174.35,77.0,61,20,25.32,few clouds
10,Nikolskoye,RU,59.7035,30.7861,41.0,81,75,11.18,light rain
11,Torbay,CA,47.6666,-52.7314,43.0,87,90,10.36,overcast clouds
12,Bredasdorp,ZA,-34.5322,20.0403,59.0,82,13,6.91,few clouds
13,Sola,VU,-13.8833,167.55,82.4,89,90,9.22,overcast clouds
14,Ushuaia,AR,-54.8,-68.3,44.6,76,0,3.44,clear sky
15,Sabang,ID,5.8933,95.3214,83.37,70,100,0.96,overcast clouds
16,Airai,TL,-8.9266,125.4092,57.36,93,96,2.08,overcast clouds
17,Havoysund,NO,70.9963,24.6622,35.6,93,90,6.91,overcast clouds
18,Sinnamary,GF,5.3833,-52.95,82.62,74,29,13.29,scattered clouds
19,Kavieng,PG,-2.5744,150.7967,82.08,76,100,6.64,light rain
20,Rawson,AR,-43.3002,-65.1023,68.76,41,100,18.12,overcast clouds
21,Chokurdakh,RU,70.6333,147.9167,21.88,95,100,5.39,overcast clouds
22,Lorengau,PG,-2.0226,147.2712,82.04,80,98,9.35,overcast clouds
23,Rikitea,PF,-23.1203,-134.9692,78.64,76,12,10.56,few clouds
24,Port Hedland,AU,-20.3167,118.5667,71.6,83,5,8.05,clear sky
25,Sao Joao Da Barra,BR,-21.6403,-41.0511,73.4,83,90,9.22,overcast clouds
26,Chegutu,ZW,-18.1302,30.1407,60.19,42,2,5.26,clear sky
27,Bluff,NZ,-46.6,168.3333,55.0,96,78,1.99,light rain
28,Rovenki,UA,48.0833,39.3776,56.14,78,100,6.26,overcast clouds
29,Georgetown,MY,5.4112,100.3354,82.99,89,20,3.44,light rain
30,Bam,IR,29.106,58.357,81.75,26,99,5.08,overcast clouds
31,Villa Constitucion,AR,-33.2278,-60.3297,70.0,48,73,8.01,broken clouds
32,Saint-Augustin,CA,51.226,-58.6502,47.79,68,100,20.24,overcast clouds
33,Pevek,RU,69.7008,170.3133,5.5,98,99,4.61,overcast clouds
34,Krasnoselkup,RU,65.7,82.4667,32.54,92,100,7.0,overcast clouds
35,Kodiak,US,57.79,-152.4072,42.8,87,90,16.11,light rain
36,Mackenzie,CA,55.2999,-123.1698,48.2,53,40,11.5,scattered clouds
37,Saint George,US,37.1041,-113.5841,80.01,23,1,6.91,clear sky
38,Atuona,PF,-9.8,-139.0333,80.17,76,5,15.05,clear sky
39,Arraial Do Cabo,BR,-22.9661,-42.0278,75.2,73,75,3.44,broken clouds
40,Broken Hill,AU,-31.95,141.4333,53.6,94,90,6.67,overcast clouds
41,Saint Anthony,US,45.0205,-93.218,57.0,28,1,9.22,clear sky
42,Jamestown,US,42.097,-79.2353,48.99,61,75,10.36,broken clouds
43,Yellowknife,CA,62.456,-114.3525,48.2,43,75,16.11,broken clouds
44,Saskylakh,RU,71.9167,114.0833,32.74,98,100,11.14,light snow
45,Tasiilaq,GL,65.6145,-37.6368,30.2,86,75,8.05,broken clouds
46,Salalah,OM,17.0151,54.0924,84.2,74,20,9.22,few clouds
47,Port Elizabeth,ZA,-33.918,25.5701,60.8,94,90,25.32,light rain
48,Kloulklubed,PW,7.0419,134.2556,78.8,89,75,16.22,broken clouds
49,Khatanga,RU,71.9667,102.5,18.03,95,100,6.67,overcast clouds
50,Vung Tau,VN,10.346,107.0843,83.71,76,100,14.94,overcast clouds
51,Hilo,US,19.7297,-155.09,75.2,64,75,6.91,light rain
52,Qaanaaq,GL,77.484,-69.3632,26.22,82,94,0.38,overcast clouds
53,Paoua,CF,7.2427,16.4406,71.13,87,100,2.91,light rain
54,Pangnirtung,CA,66.1451,-65.7125,35.6,87,75,12.66,broken clouds
55,Saint-Denis,FR,48.9167,2.3333,69.8,46,0,13.8,clear sky
56,Dunedin,NZ,-45.8742,170.5036,62.01,64,100,1.99,light rain
57,Deputatskiy,RU,69.3,139.9,17.2,97,97,1.99,overcast clouds
58,Nelson Bay,AU,-32.7167,152.15,61.0,94,40,4.61,moderate rain
59,Umm Kaddadah,SD,13.6017,26.6876,85.95,31,16,7.36,few clouds
60,Kapaa,US,22.0752,-159.319,77.0,69,40,13.8,light rain
61,Punta Arenas,CL,-53.15,-70.9167,50.0,66,0,13.8,clear sky
62,Matara,LK,5.9485,80.5353,78.91,85,48,4.43,scattered clouds
63,Kaitangata,NZ,-46.2817,169.8464,57.99,88,100,5.93,overcast clouds
64,Vaini,TO,-21.2,-175.2,75.2,69,75,12.66,broken clouds
65,Seminole,US,28.7086,-81.2081,84.0,29,1,6.91,clear sky
66,Chisinau,MD,47.0056,28.8575,50.0,53,0,5.75,clear sky
67,Pionerskiy,RU,54.9508,20.2275,44.6,81,20,6.71,few clouds
68,Stornoway,GB,58.2093,-6.3865,44.6,87,90,16.11,light rain
69,Castro,BR,-24.7911,-50.0119,59.77,70,100,5.7,overcast clouds
70,Svetlyy,RU,54.675,20.1347,44.6,81,20,6.71,few clouds
71,Yerbogachen,RU,61.2767,108.0108,38.26,86,99,5.35,overcast clouds
72,Cherskiy,RU,68.75,161.3,20.26,94,90,4.79,overcast clouds
73,Telma,RU,52.6983,103.7097,46.4,87,40,6.71,light rain
74,Port Lincoln,AU,-34.7333,135.8667,55.69,83,7,5.12,clear sky
75,Bad Segeberg,DE,53.9333,10.3167,54.0,47,75,5.75,broken clouds
76,Hobart,AU,-42.8794,147.3294,41.0,81,100,3.44,overcast clouds
77,Miastko,PL,54.0028,16.9826,39.79,72,100,0.87,overcast clouds
78,Cape Town,ZA,-33.9258,18.4232,61.0,88,20,5.75,few clouds
79,Batagay-Alyta,RU,67.8006,130.4114,25.25,90,100,2.62,overcast clouds
80,Butaritari,KI,3.0707,172.7902,82.8,76,39,15.93,scattered clouds
81,Ballina,AU,-28.8667,153.5667,62.01,94,100,4.52,overcast clouds
82,Kruisfontein,ZA,-34.0033,24.7314,60.01,88,100,3.0,overcast clouds
83,Urumqi,CN,43.801,87.6005,71.6,49,0,4.47,clear sky
84,East London,ZA,-33.0153,27.9116,62.6,88,75,13.8,light rain
85,Excelsior Springs,US,39.3392,-94.2261,69.01,49,90,10.36,overcast clouds
86,Nea Peramos,GR,38.0076,23.423,75.2,43,0,8.05,clear sky
87,Sayan,PE,-11.1361,-77.1933,78.8,48,32,9.62,scattered clouds
88,Zhanaozen,KZ,43.3,52.8,65.14,37,1,1.9,clear sky
89,Pavilosta,LV,56.8879,21.1859,41.0,93,0,5.75,clear sky
90,Severo-Kurilsk,RU,50.6789,156.125,38.08,88,100,8.68,overcast clouds
91,Lingao,CN,19.9103,109.6859,77.76,82,6,4.43,clear sky
92,Brigantine,US,39.4101,-74.3646,57.2,51,75,14.97,broken clouds
93,Baracoa,CU,20.3467,-74.4958,84.76,62,72,8.14,broken clouds
94,Liverpool,GB,53.4106,-2.9779,59.0,94,75,10.36,broken clouds
95,Kungurtug,RU,50.5994,97.5228,37.99,80,6,3.27,clear sky
96,Hasaki,JP,35.7333,140.8333,68.0,77,75,12.66,broken clouds
97,Tautira,PF,-17.7333,-149.15,84.2,65,40,11.5,scattered clouds
98,Katsuura,JP,35.1333,140.3,69.01,85,100,8.99,overcast clouds
99,Ostrovnoy,RU,68.0531,39.5131,34.99,83,100,10.0,overcast clouds
100,Nanortalik,GL,60.1432,-45.2371,37.63,76,7,14.34,clear sky
101,Hithadhoo,MV,-0.6,73.0833,84.72,69,7,1.95,clear sky
102,Saint-Philippe,RE,-21.3585,55.7679,71.6,68,0,8.05,clear sky
103,Ilulissat,GL,69.2167,-51.1,33.8,64,75,4.61,broken clouds
104,Vayalar,IN,9.7,76.3333,78.8,94,75,2.3,mist
105,Grindavik,IS,63.8424,-22.4338,42.8,42,20,17.27,few clouds
106,Iqaluit,CA,63.7506,-68.5145,30.2,86,90,9.22,overcast clouds
107,Tiksi,RU,71.6872,128.8694,19.81,96,100,4.99,overcast clouds
108,Bereda,ES,43.2686,-7.5406,68.0,47,0,13.0,clear sky
109,Avarua,CK,-21.2078,-159.775,75.2,60,40,8.05,scattered clouds
110,Lavrentiya,RU,65.5833,-171.0,25.45,78,14,2.66,few clouds
111,Harper,LR,4.375,-7.7169,79.72,83,66,7.78,broken clouds
112,Esperance,AU,-33.8667,121.9,55.4,94,90,10.36,overcast clouds
113,Erdenet,MN,49.0333,104.0833,40.89,67,90,2.68,overcast clouds
114,Shelburne,CA,44.0787,-80.2041,57.0,47,1,13.8,clear sky
115,Yumen,CN,40.2833,97.2,65.55,24,100,2.37,overcast clouds
116,San Patricio,US,28.017,-97.5169,89.6,58,40,20.71,scattered clouds
117,Vestmannaeyjar,IS,63.4427,-20.2734,38.64,53,91,6.17,overcast clouds
118,Vostok,RU,46.4856,135.8833,41.29,91,100,4.7,light rain
119,Victoria,HK,22.2855,114.1577,81.0,87,15,1.01,few clouds
120,Palmer,US,42.1584,-72.3287,59.0,35,90,6.91,overcast clouds
121,Albany,US,42.6001,-73.9662,55.99,45,100,1.99,overcast clouds
122,Mar Del Plata,AR,-38.0023,-57.5575,62.6,55,40,8.05,scattered clouds
123,Viedma,AR,-40.8135,-62.9967,65.89,31,100,20.47,overcast clouds
124,Tual,ID,-5.6667,132.75,83.26,73,98,16.69,overcast clouds
125,Aklavik,CA,68.2191,-135.0107,24.8,93,90,4.61,snow
126,Lahij,YE,13.1667,44.5833,84.18,57,100,6.71,overcast clouds
127,Itarema,BR,-2.9248,-39.9167,82.29,76,28,11.63,scattered clouds
128,Henties Bay,NA,-22.116,14.2845,59.0,89,0,6.55,clear sky
129,Los Llanos De Aridane,ES,28.6585,-17.9182,69.8,64,40,17.27,scattered clouds
130,New Norfolk,AU,-42.7826,147.0587,41.0,81,91,3.2,overcast clouds
131,Simoes,BR,-7.5989,-40.8178,88.77,37,7,9.71,clear sky
132,Concordia,AR,-31.393,-58.0209,70.0,60,20,4.61,few clouds
133,Port Macquarie,AU,-31.4333,152.9167,64.4,100,75,1.14,light rain
134,Paita,PE,-5.0892,-81.1144,80.6,61,0,16.11,clear sky
135,Jadu,LY,31.953,12.0261,63.54,37,0,9.1,clear sky
136,Bontang,ID,0.1333,117.5,77.02,90,100,4.41,overcast clouds
137,Leningradskiy,RU,69.3833,178.4167,16.38,94,100,5.41,overcast clouds
138,Plouzane,FR,48.3833,-4.6167,59.0,88,90,24.16,overcast clouds
139,Biltine,TD,14.5333,20.9167,92.3,21,76,4.03,broken clouds
140,Vikulovo,RU,56.8167,70.6107,56.98,50,79,7.58,broken clouds
141,Erenhot,CN,43.6475,111.9767,53.01,23,100,6.22,overcast clouds
142,Grootfontein,NA,-19.5667,18.1167,70.74,34,77,4.27,broken clouds
143,Kerema,PG,-7.9631,145.7785,78.55,87,89,5.5,overcast clouds
144,Hermanus,ZA,-34.4187,19.2345,60.01,92,21,6.42,few clouds
145,Thompson,CA,55.7435,-97.8558,41.0,42,1,10.36,clear sky
146,Port Alfred,ZA,-33.5906,26.891,63.39,84,100,29.08,light rain
147,Dickinson,US,29.4608,-95.0513,84.0,65,75,14.97,broken clouds
148,Birjand,IR,32.8663,59.2211,71.6,33,40,6.91,scattered clouds
149,Bathsheba,BB,13.2167,-59.5167,86.0,54,40,21.85,scattered clouds
150,Bambous Virieux,MU,-20.3428,57.7575,71.6,73,40,6.91,scattered clouds
151,Cayenne,GF,4.9333,-52.3333,86.0,66,40,16.11,scattered clouds
152,Asau,RO,46.4333,26.4,48.2,66,75,6.91,broken clouds
153,Staryy Nadym,RU,65.6118,72.6842,32.02,92,98,4.36,overcast clouds
154,Crotone,IT,39.0851,17.1178,66.2,68,0,10.36,clear sky
155,Pingliang,CN,35.5392,106.6861,61.88,38,6,5.03,clear sky
156,Lata,PT,40.1629,-8.3327,66.0,81,0,8.01,clear sky
157,Hirado,JP,33.3597,129.5531,69.01,43,49,3.0,scattered clouds
158,Touros,BR,-5.1989,-35.4608,86.0,62,40,12.66,scattered clouds
159,Aden,YE,12.7794,45.0367,86.13,68,99,5.06,overcast clouds
160,San Carlos,VE,9.6612,-68.5827,77.27,89,100,2.04,overcast clouds
161,Saquarema,BR,-22.92,-42.5103,75.2,73,75,8.05,broken clouds
162,Maxixe,MZ,-23.8597,35.3472,69.01,88,20,3.44,few clouds
163,Emerald,AU,-23.5333,148.1667,62.6,59,100,3.44,overcast clouds
164,Tuktoyaktuk,CA,69.4541,-133.0374,23.0,86,90,23.02,light snow
165,Pavlivka,UA,49.4414,28.4596,44.6,70,8,11.18,clear sky
166,Muroto,JP,33.2833,134.15,64.49,88,100,9.22,overcast clouds
167,Youhao,CN,47.8667,128.8333,40.53,96,100,9.73,light rain
168,Shingu,JP,33.7333,135.9833,64.29,86,100,6.35,heavy intensity rain
169,Aasiaat,GL,68.7098,-52.8699,31.86,68,100,6.31,overcast clouds
170,Narsaq,GL,60.9167,-46.05,50.0,23,20,8.05,few clouds
171,Kaili,ID,-3.4626,120.2147,67.66,97,100,2.06,overcast clouds
172,Menongue,AO,-14.6585,17.691,65.37,53,1,3.62,clear sky
173,Macheng,CN,31.1783,115.0319,68.61,84,0,3.67,clear sky
174,Saint-Michel-Des-Saints,CA,46.6834,-73.9159,57.99,48,100,7.27,overcast clouds
175,Tatishchevo,RU,51.6703,45.5953,55.47,55,100,6.49,overcast clouds
176,Smithers,CA,54.7804,-127.1743,46.4,53,90,3.44,overcast clouds
177,Mareeba,AU,-17.0,145.4333,73.4,78,40,9.22,scattered clouds
178,San Cristobal,VE,7.7669,-72.225,80.6,74,40,6.91,scattered clouds
179,Rayadrug,IN,14.7,76.8667,88.11,43,69,16.91,broken clouds
180,Tigil,RU,57.8,158.6667,29.16,83,62,7.23,broken clouds
181,Hambantota,LK,6.1241,81.1185,77.0,100,20,5.75,few clouds
182,Bousse,BF,12.6606,-1.8922,98.6,30,100,4.61,overcast clouds
183,Hegang,CN,47.4,130.3667,40.23,94,100,15.35,light rain
184,Sitka,US,57.0531,-135.33,48.2,81,90,4.61,overcast clouds
185,San Andres,CO,12.5847,-81.7006,86.0,70,40,18.41,scattered clouds
186,Kanniyakumari,IN,8.0833,77.5667,83.7,74,100,7.96,moderate rain
187,Xinzhi,CN,36.4989,111.7047,68.43,37,9,3.47,clear sky
188,Peru,US,40.7537,-86.0689,53.6,47,1,3.44,clear sky
189,Borogontsy,RU,62.6683,131.1683,36.25,92,100,3.44,overcast clouds
190,Luderitz,NA,-26.6481,15.1594,66.47,52,0,18.79,clear sky
191,Beringovskiy,RU,63.05,179.3167,29.05,85,85,8.99,overcast clouds
192,Opuwo,NA,-18.0607,13.84,76.05,37,86,6.26,overcast clouds
193,Barrow,US,71.2906,-156.7887,15.8,79,90,13.8,overcast clouds
194,Constitucion,CL,-35.3333,-72.4167,60.21,73,100,4.65,light rain
195,Cabo San Lucas,MX,22.8909,-109.9124,89.6,30,1,3.44,clear sky
196,Honningsvag,NO,70.9821,25.9704,37.22,77,79,9.13,broken clouds
197,Norman Wells,CA,65.282,-126.8329,41.0,56,20,10.36,few clouds
198,Cidreira,BR,-30.1811,-50.2056,65.48,66,0,4.61,clear sky
199,Kapuskasing,CA,49.4169,-82.4331,44.6,57,100,6.91,light rain
200,Carutapera,BR,-1.195,-46.02,83.23,74,22,7.36,few clouds
201,Hay River,CA,60.8156,-115.7999,55.4,41,100,6.91,overcast clouds
202,Srbac,BA,45.0978,17.525,57.2,51,0,2.3,clear sky
203,Gizo,SB,-8.103,156.8419,82.58,79,24,10.58,few clouds
204,Sangar,RU,63.9242,127.4739,27.09,96,43,2.51,scattered clouds
205,Upernavik,GL,72.7868,-56.1549,29.84,82,87,1.36,overcast clouds
206,Plettenberg Bay,ZA,-34.0527,23.3716,57.07,89,22,8.34,few clouds
207,Mahon,ES,39.8885,4.2658,66.2,63,0,12.66,clear sky
208,Isangel,VU,-19.55,169.2667,77.54,81,100,17.11,overcast clouds
209,Roma,US,43.2128,-75.4557,46.0,87,90,3.44,moderate rain
210,Kapit,MY,2.0167,112.9333,72.84,99,100,0.81,overcast clouds
211,Killybegs,IE,54.6333,-8.45,60.8,51,0,6.91,clear sky
212,Betanzos,ES,43.2804,-8.2147,66.2,59,20,20.71,few clouds
213,Key West,US,24.5557,-81.7826,84.2,69,20,11.5,few clouds
214,Manokwari,ID,-0.8667,134.0833,78.06,83,33,3.58,scattered clouds
215,Petropavlovsk-Kamchatskiy,RU,53.0452,158.6483,33.8,100,90,2.24,light rain
216,Inongo,CD,-1.95,18.2667,70.86,96,100,3.98,overcast clouds
217,Ozernovskiy,RU,51.5,156.5167,39.18,81,100,5.93,overcast clouds
218,Mossendjo,CG,-2.9506,12.7261,70.25,96,100,1.97,light rain
219,Sur,OM,22.5667,59.5289,86.67,55,9,12.59,clear sky
220,Solnechnyy,RU,50.7214,136.6319,31.33,95,100,8.12,light snow
221,Santa Rosa,PH,14.3122,121.1114,84.2,74,20,3.44,few clouds
222,Rumoi,JP,43.9344,141.6428,44.87,78,66,5.66,broken clouds
223,Singaparna,ID,-7.3515,108.111,72.77,91,93,1.88,overcast clouds
224,Marystown,CA,47.1666,-55.1483,43.16,86,100,15.59,overcast clouds
225,Kutum,SD,14.2,24.6667,85.28,14,26,9.04,scattered clouds
226,Kotka,FI,60.4664,26.9458,42.8,49,0,8.05,clear sky
227,Puerto Ayora,EC,-0.7393,-90.3518,82.4,61,40,20.71,scattered clouds
228,Khilok,RU,51.3674,110.4676,33.71,71,42,3.96,scattered clouds
229,Shizunai,JP,42.3339,142.3669,45.43,74,2,7.58,clear sky
230,Molepolole,BW,-24.4066,25.4951,62.6,51,0,2.3,clear sky
231,Puerto Leguizamo,CO,-0.1934,-74.7819,73.96,97,100,0.94,light rain
232,Huittinen,FI,61.1833,22.7,43.0,49,0,9.22,clear sky
233,Halifax,CA,44.6453,-63.5724,39.2,87,100,14.97,overcast clouds
234,Margate,GB,51.3813,1.3862,62.01,61,4,5.99,clear sky
235,Chapais,CA,49.7834,-74.8492,51.8,54,75,9.22,broken clouds
236,Adrar,MR,20.5022,-10.0711,94.75,12,100,9.33,overcast clouds
237,Abadiania,BR,-16.2042,-48.7069,78.8,50,40,8.05,scattered clouds
238,Ambilobe,MG,-13.2,49.05,72.27,91,56,3.8,broken clouds
239,Olafsvik,IS,64.8945,-23.7142,36.12,55,6,18.81,clear sky
240,Lasa,IT,46.6166,10.7002,68.0,46,0,5.75,clear sky
241,Faanui,PF,-16.4833,-151.75,80.02,75,100,9.71,light rain
242,Superior,US,46.7208,-92.1041,60.8,23,40,6.91,scattered clouds
243,Chernyshevskiy,RU,63.0128,112.4714,32.23,87,64,2.21,broken clouds
244,Cockburn Town,TC,21.4612,-71.1419,79.84,67,8,11.52,clear sky
245,Salym,RU,60.0625,71.4789,41.09,78,51,5.53,broken clouds
246,Longyearbyen,SJ,78.2186,15.6401,19.4,63,20,8.05,few clouds
247,Hokitika,NZ,-42.7167,170.9667,61.54,97,100,10.67,overcast clouds
248,Muros,ES,42.7762,-9.0603,64.0,76,33,17.0,scattered clouds
249,Pimentel,PE,-6.8367,-79.9342,77.0,57,0,16.11,clear sky
250,Nouadhibou,MR,20.931,-17.0347,71.6,68,0,19.57,clear sky
251,Mount Isa,AU,-20.7333,139.5,71.6,33,98,6.91,overcast clouds
252,Mahebourg,MU,-20.4081,57.7,71.6,73,40,6.91,scattered clouds
253,Sohag,EG,26.557,31.6948,100.4,6,0,6.91,clear sky
254,Colquechaca,BO,-18.6667,-66.0167,46.69,40,65,10.16,broken clouds
255,Eureka,US,40.8021,-124.1637,62.01,67,12,8.99,few clouds
256,Paciran,ID,-6.8767,112.3761,76.06,84,33,7.07,scattered clouds
257,Mutsu,JP,41.2894,141.2169,48.81,70,3,4.21,clear sky
258,Bandarbeyla,SO,9.4942,50.8122,84.45,68,100,3.87,overcast clouds
259,Kalmunai,LK,7.4167,81.8167,80.42,81,90,3.15,overcast clouds
260,Luanda,AO,-8.8368,13.2343,78.8,94,75,4.61,broken clouds
261,Zhezkazgan,KZ,47.8043,67.7144,65.53,47,100,6.08,overcast clouds
262,Calella,ES,41.618,2.6678,64.99,100,64,5.01,broken clouds
263,Kavaratti,IN,10.5669,72.642,85.24,73,100,6.2,overcast clouds
264,Banjar,ID,-8.19,114.9675,80.6,83,20,6.91,few clouds
265,Carnarvon,AU,-24.8667,113.6333,64.4,72,2,10.36,clear sky
266,Boffa,GN,10.1667,-14.0333,79.9,65,0,8.5,clear sky
267,Hollins,US,37.3413,-79.9431,66.0,20,1,17.27,clear sky
268,Tynda,RU,55.1667,124.7167,32.27,90,100,3.65,overcast clouds
269,Hami,CN,42.8,93.45,75.74,29,100,19.82,overcast clouds
270,Preobrazheniye,RU,42.9019,133.9064,43.12,97,100,5.7,overcast clouds
271,Mpongwe,ZM,-13.5091,28.155,57.67,61,29,5.59,scattered clouds
272,Dingle,PH,10.9995,122.6711,77.99,86,100,5.35,light rain
273,Elmadag,TR,39.9208,33.2308,68.0,51,75,4.61,broken clouds
274,Rocha,UY,-34.4833,-54.3333,63.28,68,37,4.9,scattered clouds
275,Gamba,GA,-2.65,10.0,77.68,87,80,5.01,light rain
276,Jasper,US,37.2001,-94.3502,78.01,47,1,13.8,clear sky
277,Beyneu,KZ,45.3167,55.2,67.48,29,0,4.47,clear sky
278,Namibe,AO,-15.1961,12.1522,73.8,78,31,6.08,light rain
279,Nisia Floresta,BR,-6.0911,-35.2086,86.0,58,20,17.27,few clouds
280,Luzhou,CN,28.8724,105.4405,69.78,79,0,2.48,light rain
281,Tupik,RU,54.4253,119.9327,31.24,97,98,3.11,overcast clouds
282,Simbahan,PH,6.3032,120.5836,82.9,73,100,8.32,moderate rain
283,Horsham,GB,51.064,-0.3272,60.8,72,20,9.22,few clouds
284,Saldanha,ZA,-33.0117,17.9442,59.0,82,5,5.75,clear sky
285,Canete,CL,-37.8,-73.4,59.2,80,71,4.52,broken clouds
286,Ahipara,NZ,-35.1667,173.1667,64.72,86,100,8.41,overcast clouds
287,Bismarck,US,46.8083,-100.7837,37.99,93,90,17.27,heavy intensity rain
288,Qasigiannguit,GL,68.8193,-51.1922,33.8,64,75,4.61,broken clouds
289,Robertsport,LR,6.7533,-11.3686,82.29,78,100,9.62,overcast clouds
290,Zigong,CN,29.3416,104.7769,70.11,75,0,2.59,light rain
291,Kununurra,AU,-15.7667,128.7333,57.2,94,0,2.3,clear sky
292,Ubaira,BR,-13.2681,-39.6628,82.09,50,2,8.88,clear sky
293,Fort Nelson,CA,58.8053,-122.7002,50.0,66,75,2.3,broken clouds
294,Rovaniemi,FI,66.5,25.7167,37.4,56,0,9.22,clear sky
295,Port Blair,IN,11.6667,92.75,81.79,77,97,3.89,overcast clouds
296,San Narciso,PH,15.0143,120.0803,80.6,83,40,3.44,scattered clouds
297,Wuzhou,CN,23.4833,111.3167,74.98,89,100,0.69,overcast clouds
298,Malaya Serdoba,RU,52.4661,44.9512,53.28,66,100,8.68,overcast clouds
299,Cordoba,AR,-31.4135,-64.1811,68.0,48,40,14.97,scattered clouds
300,Kuching,MY,1.55,110.3333,77.0,94,20,3.44,few clouds
301,Mahibadhoo,MV,3.7833,72.9667,85.03,70,6,6.49,clear sky
302,Moindou,NC,-21.6924,165.677,77.0,65,0,6.91,clear sky
303,Shiloh,US,38.5614,-89.8973,53.6,58,75,11.5,broken clouds
304,Meulaboh,ID,4.1363,96.1285,79.03,84,100,1.14,overcast clouds
305,College,US,64.8569,-147.8028,52.0,58,40,3.44,scattered clouds
306,Ballarpur,IN,19.8333,79.35,88.81,42,2,6.78,clear sky
307,Odemira,PT,37.598,-8.6397,64.0,74,18,4.0,few clouds
308,Souillac,MU,-20.5167,57.5167,71.6,73,40,6.91,scattered clouds
309,Provideniya,RU,64.3833,-173.3,33.67,67,2,2.28,clear sky
310,Dharchula,IN,29.85,80.5333,62.58,79,30,2.55,scattered clouds
311,Les Cayes,HT,18.2,-73.75,83.3,61,77,10.29,broken clouds
312,Port Hardy,CA,50.6996,-127.4199,44.6,93,90,13.8,light rain
313,Kijang,KR,35.2442,129.2139,60.8,63,0,6.91,clear sky
314,Husavik,IS,66.0449,-17.3389,35.6,64,75,11.5,broken clouds
315,Srednekolymsk,RU,67.45,153.6833,28.09,90,100,4.29,overcast clouds
316,Auki,SB,-8.7676,160.7034,78.66,86,69,4.0,moderate rain
317,Te Kauwhata,NZ,-37.4,175.15,61.0,95,100,2.68,light rain
318,Zlobin,HR,45.2924,14.6541,62.6,39,0,5.75,clear sky
319,Nantucket,US,41.2835,-70.0995,51.8,62,75,13.8,broken clouds
320,Lompoc,US,34.6391,-120.4579,73.0,59,1,16.11,clear sky
321,Klaksvik,FO,62.2266,-6.589,39.2,56,100,12.66,overcast clouds
322,Chuy,UY,-33.6971,-53.4616,64.06,69,60,9.24,broken clouds
323,Dakar,SN,14.6937,-17.4441,71.6,83,0,18.41,clear sky
324,Bubaque,GW,11.2833,-15.8333,77.79,73,2,15.88,clear sky
325,Diego De Almagro,CL,-26.3667,-70.05,74.21,22,0,8.72,clear sky
326,Borovoy,RU,55.4333,86.0833,46.4,53,20,4.47,few clouds
327,Cabo Rojo,PR,18.0866,-67.1457,84.99,70,25,5.99,scattered clouds
328,Lebu,CL,-37.6167,-73.65,58.66,78,59,6.69,broken clouds
329,San Lawrenz,MT,36.0553,14.204,66.2,68,0,5.75,clear sky
330,Alihe,CN,50.5667,123.7167,32.97,79,1,4.18,clear sky
331,Trat,TH,12.5,102.5,76.39,95,50,1.23,scattered clouds
332,Labuhan,ID,-6.8844,112.2051,75.36,84,6,8.19,clear sky
333,Villa Union,MX,23.2,-106.2333,86.0,51,1,4.61,clear sky
334,Severnyy,RU,50.677,36.5532,50.0,87,75,15.66,light rain
335,Toropets,RU,56.4978,31.6353,35.06,85,63,5.37,broken clouds
336,Ponta Do Sol,PT,32.6667,-17.1,66.0,68,89,3.0,overcast clouds
337,Palamos,ES,41.8484,3.1291,73.4,46,0,13.8,clear sky
338,Northam,GB,51.0333,-4.2167,55.0,96,100,11.99,moderate rain
339,Tafo,GH,6.7345,-1.6127,78.3,76,81,8.61,light rain
340,Bestobe,KZ,52.4994,73.0975,60.66,56,100,7.2,light rain
341,Baoying,CN,33.2292,119.3092,58.14,63,10,9.4,light rain
342,Berlevag,NO,70.8578,29.0864,34.36,81,12,14.25,few clouds
343,Santiago,CL,-33.4569,-70.6483,68.0,55,90,5.08,overcast clouds
344,Sai Buri,TH,6.7013,101.6168,79.25,85,99,4.23,overcast clouds
345,Belaya Gora,RU,68.5333,146.4167,27.54,96,100,4.34,light snow
346,Camacha,PT,33.0833,-16.3333,69.8,73,20,14.97,few clouds
347,Bethel,US,41.3712,-73.414,53.6,50,90,2.73,overcast clouds
348,Guerrero Negro,MX,27.9769,-114.0611,67.75,56,0,14.63,clear sky
349,Lacombe,CA,52.4668,-113.7353,37.4,93,100,14.97,light rain
350,Pangkalanbuun,ID,-2.6833,111.6167,75.63,94,100,1.81,overcast clouds
351,Yulara,AU,-25.2406,130.9889,62.6,88,40,8.05,scattered clouds
352,Saint-Pierre,RE,-21.3393,55.4781,71.6,68,0,8.05,clear sky
353,Mabaruma,GY,8.2,-59.7833,76.1,94,100,5.93,overcast clouds
354,Campbeltown,GB,55.4258,-5.6076,50.0,87,20,16.11,few clouds
355,Abu Samrah,SY,35.3029,37.1841,76.3,34,32,6.78,scattered clouds
356,Salzwedel,DE,52.85,11.15,55.99,50,75,12.66,light rain
357,Iskateley,RU,67.6803,53.1512,33.4,97,91,10.78,overcast clouds
358,Ambon,ID,-3.6954,128.1814,75.2,88,40,4.61,scattered clouds
359,Pisco,PE,-13.7,-76.2167,71.6,73,0,8.05,clear sky
360,Tuatapere,NZ,-46.1333,167.6833,55.0,96,99,1.99,overcast clouds
361,Prince Rupert,CA,54.3161,-130.3201,46.4,76,90,8.05,light rain
362,Gwadar,PK,25.1216,62.3254,82.54,79,4,9.91,clear sky
363,Mananjary,MG,-21.2167,48.3333,70.5,83,68,2.35,light rain
364,La Ronge,CA,55.1001,-105.2842,50.0,34,9,13.8,clear sky
365,Likasi,CD,-10.9814,26.7333,58.17,78,10,2.93,clear sky
366,Taoudenni,ML,22.6783,-3.9836,99.72,10,0,9.57,clear sky
367,Acapulco,MX,16.8634,-99.8901,87.8,62,90,8.05,overcast clouds
368,Balakhninskiy,RU,58.0106,114.2769,31.24,93,100,3.8,overcast clouds
369,Blackfoot,US,43.1905,-112.345,48.2,31,40,9.22,scattered clouds
370,Bundaberg,AU,-24.85,152.35,66.99,94,100,3.44,overcast clouds
371,Daru,PG,-9.0763,143.2092,78.8,86,93,14.18,overcast clouds
372,Almaznyy,RU,48.0448,40.045,66.2,48,0,6.71,clear sky
373,Yichun,CN,47.7,128.9,38.89,96,100,8.39,moderate rain
374,Cap Malheureux,MU,-19.9842,57.6142,71.6,73,40,6.91,scattered clouds
375,Anadyr,RU,64.75,177.4833,17.6,86,89,8.95,fog
376,Fairbanks,US,64.8378,-147.7164,55.0,54,1,1.86,clear sky
377,Coracora,PE,-15.0333,-73.7833,60.12,48,63,9.08,broken clouds
378,Venice,US,27.0998,-82.4543,86.0,35,20,5.3,few clouds
379,Juybar,IR,36.6412,52.9124,60.73,85,99,2.01,overcast clouds
380,Wanning,CN,18.8003,110.3967,76.71,86,13,8.57,few clouds
381,Digha,IN,21.6833,87.55,83.17,77,2,13.6,clear sky
382,Honiara,SB,-9.4333,159.95,78.62,86,88,8.08,overcast clouds
383,Sao Gabriel Da Cachoeira,BR,-0.1303,-67.0892,86.0,70,40,6.91,scattered clouds
384,Qaqortoq,GL,60.7167,-46.0333,50.0,23,20,8.05,few clouds
385,Sheridan,US,44.8333,-106.9173,44.01,70,90,25.32,light rain
386,Oistins,BB,13.0667,-59.5333,86.0,54,40,21.85,scattered clouds
387,Krasnyy Luch,UA,48.1395,38.9371,55.36,65,100,6.51,overcast clouds
388,Belyy Yar,RU,53.6039,91.3903,50.0,71,0,6.71,light rain
389,Marsa Matruh,EG,31.3525,27.2453,75.2,69,99,13.8,overcast clouds
390,Choix,MX,26.7092,-108.3219,95.72,10,0,8.86,clear sky
391,General Roca,AR,-39.0333,-67.5833,59.0,67,0,2.3,clear sky
392,Salinopolis,BR,-0.6136,-47.3561,82.29,78,84,10.22,broken clouds
393,Angoram,PG,-4.0625,144.0661,73.96,99,100,2.17,overcast clouds
394,Axim,GH,4.8699,-2.2405,79.29,82,100,11.43,overcast clouds
395,Patnanungan,PH,14.7833,122.1833,80.6,85,87,6.67,overcast clouds
396,Nhulunbuy,AU,-12.2333,136.7667,77.0,78,0,8.05,clear sky
397,Charters Towers,AU,-20.1,146.2667,61.61,81,99,7.83,overcast clouds
398,Udachnyy,RU,66.4167,112.4,31.41,92,100,4.54,overcast clouds
399,Sept-Iles,CA,50.2001,-66.3821,48.0,71,75,5.75,broken clouds
400,Orgita,EE,58.9218,24.45,43.0,70,0,9.22,clear sky
401,Miles City,US,46.4083,-105.8406,42.8,81,90,4.61,overcast clouds
402,Fortuna,US,40.5982,-124.1573,60.01,71,1,17.27,clear sky
403,Soyo,AO,-6.1349,12.3689,77.99,81,81,1.83,broken clouds
404,Komsomolskiy,UZ,40.4272,71.7189,69.8,43,97,4.61,overcast clouds
405,Zhangye,CN,38.9342,100.4517,64.51,10,37,1.72,scattered clouds
406,Xining,CN,36.6167,101.7667,55.51,24,35,1.66,scattered clouds
407,Wattegama,LK,6.7989,81.4808,77.0,100,20,5.75,few clouds
408,Tsiroanomandidy,MG,-18.7667,46.0333,68.99,71,99,1.14,overcast clouds
409,Brae,GB,60.3964,-1.353,44.6,70,90,19.57,overcast clouds
410,Hofn,IS,64.2539,-15.2082,37.18,63,99,15.32,overcast clouds
411,Quatre Cocos,MU,-20.2078,57.7625,71.6,73,40,6.91,scattered clouds
412,Torbat-E Jam,IR,35.244,60.6225,69.4,51,100,10.54,overcast clouds
413,The Valley,AI,18.217,-63.0578,86.0,74,40,17.27,scattered clouds
414,El Alto,PE,-4.2714,-81.2147,80.6,61,0,16.11,clear sky
415,Mukhen,RU,48.1,136.1,39.83,95,100,4.5,overcast clouds
416,Kupang,ID,-10.1667,123.5833,75.29,78,81,7.74,broken clouds
417,Makakilo City,US,21.3469,-158.0858,78.8,57,1,9.22,clear sky
418,Proletarskiy,RU,50.7914,35.7731,50.0,87,75,15.66,broken clouds
419,Fatezh,RU,52.0891,35.8632,51.8,82,75,8.95,moderate rain
420,Qui Nhon,VN,13.7667,109.2333,76.41,90,100,5.14,overcast clouds
421,Beloha,MG,-25.1667,45.05,66.54,70,0,11.34,clear sky
422,Kembe,CF,4.6228,21.8865,67.86,97,100,4.41,overcast clouds
423,Zumarraga,PH,11.6388,124.8417,77.23,89,64,3.02,broken clouds
424,Khani,GE,41.9563,42.9566,62.6,72,75,6.91,broken clouds
425,Kizukuri,JP,40.8061,140.3861,53.01,58,15,3.0,few clouds
426,North Bend,US,43.4065,-124.2243,59.0,62,20,3.44,few clouds
427,Lulea,SE,65.5842,22.1547,39.2,75,19,3.44,few clouds
428,Tiarei,PF,-17.5333,-149.3333,82.4,65,40,9.22,scattered clouds
429,Nouakchott,MR,18.0858,-15.9785,71.6,73,8,25.32,clear sky
430,Comodoro Rivadavia,AR,-45.8667,-67.5,60.8,48,0,10.36,clear sky
431,Kawalu,ID,-7.3817,108.2082,73.6,92,92,1.83,overcast clouds
432,Ankazoabo,MG,-22.2833,44.5167,66.15,57,0,3.06,clear sky
433,Male,MV,4.1748,73.5089,86.0,74,20,5.75,few clouds
434,Huarmey,PE,-10.0681,-78.1522,72.45,70,10,12.59,clear sky
435,Port Augusta,AU,-32.5,137.7667,53.01,100,52,5.75,broken clouds
436,Nortelandia,BR,-14.4547,-56.8028,85.15,44,1,3.11,clear sky
437,Huinan,CN,42.6225,126.2614,41.0,77,100,13.18,overcast clouds
438,Wenzhou,CN,27.9994,120.6668,66.6,90,100,2.53,light rain
439,Beira,MZ,-19.8436,34.8389,73.4,68,20,6.49,few clouds
440,Krivosheino,RU,57.3431,83.9261,35.38,79,9,6.04,clear sky
441,Birnin Kebbi,NG,12.4539,4.1975,96.3,20,100,5.35,overcast clouds
442,Caravelas,BR,-17.7125,-39.2481,74.3,86,7,13.82,clear sky
443,Sekoma,BW,-24.4,23.8833,65.34,36,4,8.25,clear sky
444,Anchorage,US,61.2181,-149.9003,48.99,39,75,5.75,broken clouds
445,Sorland,NO,67.667,12.6934,40.14,70,100,10.65,overcast clouds
446,Port-Gentil,GA,-0.7193,8.7815,80.6,83,40,4.61,scattered clouds
447,Ucluelet,CA,48.9329,-125.5528,46.99,93,90,9.22,overcast clouds
448,Nyanza,RW,-2.3519,29.7509,69.8,78,75,5.75,light rain
449,Lashio,MM,22.9333,97.75,62.83,93,5,1.28,clear sky
450,Puerto Baquerizo Moreno,EC,-0.9,-89.6,82.4,69,40,10.36,scattered clouds
451,Tadine,NC,-21.55,167.8833,75.45,80,100,17.63,overcast clouds
452,Lagoa,PT,39.05,-27.9833,60.03,70,5,17.54,clear sky
453,Maarianhamina,AX,60.0973,19.9348,42.8,56,0,3.44,light rain
454,Sao Filipe,CV,14.8961,-24.4956,73.06,75,22,14.79,few clouds
455,Marataizes,BR,-21.0433,-40.8244,73.8,72,16,11.86,few clouds
456,Falun,SE,60.6036,15.626,46.0,70,99,4.61,overcast clouds
457,Khor,RU,47.8861,134.9464,40.26,88,100,15.86,moderate rain
458,Crawfordsville,US,40.0411,-86.8745,55.0,47,40,2.89,scattered clouds
459,Antsohihy,MG,-14.8796,47.9875,72.97,83,79,2.98,broken clouds
460,Bima,ID,-8.4667,118.7167,75.04,91,100,3.27,overcast clouds
461,Mayo,US,38.8876,-76.5119,57.99,62,75,16.11,broken clouds
462,Loukhi,RU,66.0764,33.0381,32.11,99,100,7.34,heavy snow
463,Vauvert,FR,43.7,4.2833,66.2,59,0,13.8,clear sky
464,Ponta Delgada,PT,37.7333,-25.6667,60.8,88,40,12.66,scattered clouds
465,Ust-Abakan,RU,53.8525,91.3742,50.0,71,0,6.71,light rain
466,Mitsamiouli,KM,-11.3847,43.2844,79.86,68,33,13.94,scattered clouds
467,Garden City,US,42.3256,-83.331,55.99,40,75,5.75,broken clouds
468,Yurginskoye,RU,56.8189,67.3921,58.06,38,94,5.12,overcast clouds
469,Nador,MA,35.174,-2.9287,69.8,73,0,4.61,light rain
470,Mount Gambier,AU,-37.8333,140.7667,48.2,93,40,5.75,scattered clouds
471,San Quintin,MX,30.4833,-115.95,64.9,58,0,13.02,clear sky
472,Fukue,JP,32.6881,128.8419,64.76,91,13,16.33,few clouds
473,Gao,ML,16.6362,1.637,97.21,7,37,9.17,scattered clouds
474,Phalaborwa,ZA,-23.943,31.1411,64.4,88,12,3.44,few clouds
475,Payakumbuh,ID,-0.2202,100.6308,70.43,97,59,1.14,broken clouds
476,Arshan,RU,46.2732,44.22,66.0,34,100,17.9,overcast clouds
477,Galesong,ID,-5.3166,119.3661,75.2,100,20,3.44,few clouds
478,Kaeo,NZ,-35.1,173.7833,64.99,92,100,5.99,overcast clouds
479,Tomatlan,MX,19.9333,-105.25,92.14,36,26,12.26,scattered clouds
480,Praia Da Vitoria,PT,38.7333,-27.0667,62.01,88,75,18.01,broken clouds
481,Morristown,US,36.214,-83.2949,64.99,48,20,11.5,few clouds
482,Energeticheskiy,KZ,43.4278,77.0222,62.6,63,20,2.57,few clouds
483,Tessalit,ML,20.1986,1.0114,98.37,10,62,11.68,broken clouds
484,Vestmanna,FO,62.1564,-7.1664,39.2,56,100,12.66,overcast clouds
485,Villa Carlos Paz,AR,-31.4241,-64.4978,68.0,48,40,14.97,scattered clouds
486,Morro Bay,US,35.3658,-120.8499,78.8,24,1,13.8,clear sky
487,Mto Wa Mbu,TZ,-3.35,35.85,70.7,85,100,1.83,light rain
488,Kushmurun,KZ,52.4503,64.6311,57.65,63,100,11.52,light rain
489,Hirara,JP,24.8,125.2833,76.41,87,37,6.96,scattered clouds
490,Baie-Comeau,CA,49.2168,-68.1489,46.4,66,90,11.5,overcast clouds
491,Altay,CN,47.8667,88.1167,54.9,53,0,5.44,clear sky
492,Maceio,BR,-9.6658,-35.7353,82.4,65,40,12.66,scattered clouds
493,Kaputa,ZM,-8.4689,29.6619,67.15,76,58,3.87,broken clouds
494,Shimoda,JP,34.6667,138.95,62.01,79,100,1.01,overcast clouds
495,Vila Velha,BR,-20.3297,-40.2925,75.0,88,75,5.75,broken clouds
496,Namatanai,PG,-3.6667,152.4333,79.79,82,99,8.12,light rain
497,Buckeye,US,33.3703,-112.5838,91.0,14,0,5.75,clear sky
498,Chiredzi,ZW,-21.05,31.6667,66.02,55,0,3.74,clear sky
499,Alexandria,EG,31.2156,29.9553,87.8,40,0,4.61,clear sky
500,Zyryanka,RU,65.75,150.85,28.62,88,100,2.57,overcast clouds
501,West Bay,KY,19.3667,-81.4167,86.0,79,75,7.58,broken clouds
502,Vao,NC,-22.6667,167.4833,75.69,79,100,22.21,overcast clouds
503,Waingapu,ID,-9.6567,120.2641,74.73,83,86,6.42,overcast clouds
504,Tiznit,MA,29.5833,-9.5,63.79,73,21,6.98,few clouds
505,Soller,ES,39.7662,2.7152,73.4,49,0,5.75,clear sky
506,Isla Mujeres,MX,21.2311,-86.731,86.0,62,40,13.8,scattered clouds
507,Faya,SA,18.3851,42.4509,71.6,32,0,4.61,clear sky
508,Taiyuan,CN,37.8694,112.5603,62.6,45,0,11.18,clear sky
509,Codrington,AU,-38.2667,141.9667,47.32,93,11,7.56,few clouds
510,Omboue,GA,-1.5746,9.2618,77.59,89,44,5.35,scattered clouds
511,Basco,PH,20.4487,121.9702,81.3,90,6,13.33,clear sky
512,Dwarka,IN,22.2394,68.9678,83.05,80,0,16.84,clear sky
513,Pontianak,ID,-0.0333,109.3333,75.47,92,18,1.21,few clouds
514,Port Hawkesbury,CA,45.6169,-61.3485,37.99,100,90,17.27,light rain
515,Grand Gaube,MU,-20.0064,57.6608,71.6,73,40,6.91,scattered clouds
516,Vrangel,RU,42.7297,133.0839,43.59,97,99,1.39,overcast clouds
517,Broome,US,42.2506,-75.833,46.0,81,90,9.22,overcast clouds
518,Marondera,ZW,-18.1853,31.5519,52.84,53,4,4.92,clear sky
519,Ostersund,SE,63.1792,14.6357,39.2,56,14,9.22,few clouds
520,Miguelopolis,BR,-20.1794,-48.0319,82.4,32,20,5.75,few clouds
521,Cimitarra,CO,6.3142,-73.9497,89.44,54,100,2.64,overcast clouds
522,Hibbing,US,47.4272,-92.9377,55.4,24,1,12.66,clear sky
523,Abha,SA,18.2164,42.5053,71.6,32,0,4.61,clear sky
524,Tevriz,RU,57.509,72.4042,51.57,66,80,5.44,broken clouds
525,Warangal,IN,18.0,79.5833,86.7,57,9,12.55,clear sky
526,Belfast,GB,54.5833,-5.9333,57.2,88,100,13.8,overcast clouds
527,Omsukchan,RU,62.5333,155.8,11.8,95,22,2.82,few clouds
528,Zhanakorgan,KZ,43.9098,67.2495,72.45,40,51,3.06,broken clouds
529,Dalvik,IS,65.9702,-18.5286,35.6,64,75,11.5,broken clouds
530,Irmo,US,34.086,-81.1832,78.8,25,75,17.27,broken clouds
531,Veraval,IN,20.9,70.3667,82.65,81,0,10.47,clear sky
532,Jitia,RO,45.5833,26.7167,27.0,73,34,5.17,scattered clouds
533,Laguna,US,38.421,-121.4238,78.01,15,1,20.71,clear sky
534,Arys,KZ,42.4252,68.795,71.6,64,40,8.95,scattered clouds
535,Misratah,LY,32.3754,15.0925,66.06,78,0,12.93,clear sky
536,Tokonou,GN,9.65,-9.7833,85.24,45,91,6.15,overcast clouds
537,Merauke,ID,-8.4667,140.3333,77.29,86,71,10.42,broken clouds
538,Antalaha,MG,-14.9003,50.2788,73.42,83,100,7.2,overcast clouds
539,Umm Lajj,SA,25.0213,37.2685,83.01,53,0,5.32,clear sky
540,Moron,AR,-34.6534,-58.6198,66.99,52,20,11.5,few clouds
541,San Pedro,PH,14.35,121.0167,84.2,74,20,3.44,few clouds
542,Coihaique,CL,-45.5752,-72.0662,53.6,58,75,5.75,broken clouds
543,Shitanjing,CN,39.2342,106.3439,65.79,14,98,6.71,overcast clouds
544,Talnakh,RU,69.4865,88.3972,30.4,94,100,3.85,overcast clouds
545,Walvis Bay,NA,-22.9575,14.5053,59.0,89,0,8.39,clear sky
546,Vysokopillya,UA,47.4919,33.5306,50.0,62,0,15.66,clear sky
547,Dudinka,RU,69.4058,86.1778,18.54,97,94,5.88,overcast clouds
548,Martinez,US,38.0194,-122.1341,82.0,15,1,5.75,clear sky
549,Tabas,IR,33.5959,56.9244,80.8,41,0,10.47,clear sky
550,Akhmim,EG,26.5622,31.745,100.4,6,0,6.91,clear sky
551,Naze,JP,28.3667,129.4833,66.42,75,100,6.96,light rain
552,Dasoguz,TM,41.8363,59.9666,62.6,59,0,6.91,clear sky
553,Lima,PE,-12.0432,-77.0282,71.01,77,40,11.5,scattered clouds
554,Tuy Hoa,VN,13.0833,109.3,76.71,90,100,2.57,overcast clouds
555,Bonavista,CA,48.6499,-53.1147,44.6,81,100,3.44,overcast clouds
556,Inuvik,CA,68.3499,-133.7218,26.6,86,97,1.14,overcast clouds
557,Baturaja,ID,-4.1333,104.1667,73.78,98,26,1.95,light rain
558,Gornyak,RU,50.9942,81.4661,53.87,47,100,5.1,overcast clouds
559,Igarka,RU,67.4667,86.5833,31.55,94,100,6.46,overcast clouds
560,Sergeyevka,KZ,53.88,67.4158,57.61,44,100,7.23,overcast clouds
561,Geraldton,AU,-28.7667,114.6,53.6,87,0,8.05,clear sky
562,Phalodi,IN,27.1333,72.3667,92.35,18,100,5.46,overcast clouds
563,Rio Gallegos,AR,-51.6226,-69.2181,48.2,66,0,3.44,clear sky
564,Dong Hoi,VN,17.4833,106.6,77.09,81,19,3.76,few clouds
565,Xiongzhou,CN,25.1167,114.3,72.79,94,100,1.23,overcast clouds
566,Bad Doberan,DE,54.1071,11.9005,54.0,50,90,3.44,light rain
567,Sikasso,ML,10.9167,-7.0,94.57,22,13,6.13,few clouds
568,Clyde River,CA,70.4692,-68.5914,26.6,100,90,6.91,light snow
569,Moree,AU,-29.4667,149.85,60.8,88,90,11.5,moderate rain
570,Manjacaze,MZ,-24.7117,33.8828,63.97,80,0,6.15,clear sky
571,Panama City,PA,8.9936,-79.5197,84.99,74,40,4.61,scattered clouds
572,Ulundi,ZA,-28.3352,31.4162,63.86,85,95,6.82,overcast clouds
573,Oktyabrskoye,RU,43.0645,44.7417,60.01,82,5,8.95,clear sky
574,Karaton,ID,-6.3424,106.1045,80.01,94,40,2.3,light rain
575,Sukumo,JP,32.9333,132.7333,62.01,94,100,3.36,overcast clouds
576,Loiza,PR,18.4313,-65.8802,84.2,61,75,13.8,broken clouds
577,Maldonado,UY,-34.6667,-54.9167,66.2,63,40,3.44,scattered clouds
578,Jacqueville,CI,5.2052,-4.4146,82.4,83,20,10.36,few clouds
579,Kingaroy,AU,-26.5333,151.8333,53.6,100,100,0.36,overcast clouds
580,Riyadh,SA,24.6877,46.7219,96.8,11,0,5.75,clear sky
581,Shilovo,RU,54.3204,40.874,52.0,79,100,5.99,light rain
582,Nome,US,64.5011,-165.4064,44.6,57,1,10.36,clear sky
583,Genhe,CN,50.7833,121.5167,29.7,93,13,3.27,few clouds
584,Juegang,CN,32.3174,121.1855,60.26,88,0,9.46,light rain
585,Dhidhdhoo,MV,6.8833,73.1,85.3,71,100,8.48,overcast clouds
586,Buala,SB,-8.145,159.5921,80.22,85,72,9.33,light rain
587,Bialogard,PL,54.007,15.9875,46.99,56,100,5.95,overcast clouds
588,Ayan,RU,56.45,138.1667,29.14,86,41,7.85,scattered clouds
589,Querecotillo,PE,-4.8378,-80.6456,87.69,41,17,7.96,few clouds
590,Takoradi,GH,4.8845,-1.7554,79.45,81,100,12.3,overcast clouds
591,Macklin,CA,52.3334,-109.9348,46.4,57,100,25.32,light rain
592,Kahului,US,20.8947,-156.47,75.2,60,20,14.97,few clouds
593,Konevo,RU,62.1215,39.3192,46.13,90,100,11.18,overcast clouds
594,Ascension,US,30.2169,-90.9001,86.0,51,40,8.05,scattered clouds
595,Atikokan,CA,48.7555,-91.6216,51.22,27,5,7.9,clear sky
596,Innisfail,AU,-17.5333,146.0333,67.78,81,90,5.3,overcast clouds
597,Maneadero,MX,31.7167,-116.5667,66.99,65,0,5.01,clear sky
598,Srisailam,IN,16.0833,78.8667,79.43,68,5,5.53,clear sky
599,Okhotsk,RU,59.3833,143.3,30.07,80,34,3.89,scattered clouds
600,Staunton,US,38.1496,-79.0717,60.8,25,1,8.05,clear sky
601,Road Town,VG,18.4167,-64.6167,84.2,65,40,9.22,scattered clouds
602,Rodotopion,GR,39.7083,20.7258,69.8,49,91,5.75,overcast clouds
603,Arlit,NE,18.7369,7.3853,94.44,5,0,4.16,clear sky
604,Fez,MA,34.0372,-4.9998,68.0,83,75,6.91,broken clouds
605,Neya,RU,58.2972,43.8681,48.34,67,100,10.04,overcast clouds
606,Chardara,KZ,41.2547,67.9692,73.2,53,97,6.82,overcast clouds
607,Neiafu,TO,-18.65,-173.9833,77.0,57,75,11.5,broken clouds
608,Shipitsyno,RU,61.2806,46.5208,48.99,67,99,8.05,overcast clouds
609,Novo Aripuana,BR,-5.1206,-60.3797,79.84,93,100,3.27,overcast clouds
610,Whitehorse,CA,60.7161,-135.0538,41.0,81,90,8.05,light rain
611,Newcastle,AU,-32.9272,151.7765,64.99,94,40,4.61,scattered clouds
612,Shubarkuduk,KZ,49.1447,56.4872,56.5,62,97,4.97,overcast clouds
613,Logan,US,41.7355,-111.8344,52.0,31,40,11.5,scattered clouds
614,Sosua,DO,19.7667,-70.5167,91.4,55,40,18.41,scattered clouds
615,Mzimba,MW,-11.9,33.6,55.65,88,64,2.73,broken clouds
616,Khujand,TJ,40.2853,69.6279,69.8,60,58,1.16,broken clouds
617,San Jose,US,37.3394,-121.895,78.01,23,1,10.36,clear sky
618,Fraga,ES,41.5229,0.3489,75.2,33,0,16.11,clear sky
619,Barahona,DO,18.2085,-71.1008,86.0,58,20,18.41,few clouds
620,Amapa,BR,1.0,-52.0,78.6,96,100,4.03,heavy intensity rain
621,Loandjili,CG,-4.7561,11.8578,75.2,94,40,3.44,scattered clouds
622,Nemuro,JP,43.3236,145.575,38.46,97,79,6.8,broken clouds
623,Raga,SS,8.4596,25.678,74.3,82,100,7.47,light rain
624,Baker City,US,44.7749,-117.8344,46.99,39,20,5.73,few clouds
625,Quesnel,CA,52.9999,-122.5029,46.4,49,20,4.61,few clouds
626,Hobyo,SO,5.3505,48.5268,82.49,76,100,17.43,overcast clouds
627,Ustka,PL,54.5805,16.8619,41.04,76,100,6.55,overcast clouds
628,Bilma,NE,18.6853,12.9164,95.02,9,4,3.22,clear sky
629,Ahuimanu,US,21.4447,-157.8378,78.8,69,20,9.22,few clouds
630,Davidson,US,36.1501,-86.7833,63.0,59,90,4.61,overcast clouds
631,Zhigansk,RU,66.7697,123.3711,28.56,83,45,6.22,scattered clouds
632,Boksitogorsk,RU,59.474,33.8485,41.0,77,100,7.56,overcast clouds
633,Goderich,CA,43.7501,-81.7165,42.8,81,35,11.5,scattered clouds
634,Havelock,US,34.8791,-76.9013,73.99,35,100,14.0,overcast clouds
635,Deniliquin,AU,-35.5333,144.9667,55.99,81,47,5.66,scattered clouds
636,Okakarara,NA,-20.5833,17.4333,69.51,33,64,4.07,broken clouds
637,Rio Grande,BR,-32.035,-52.0986,66.2,77,75,9.22,broken clouds
638,Las Margaritas,MX,16.3167,-91.9833,75.76,51,45,9.01,scattered clouds
639,Newport,GB,51.5877,-2.9984,59.0,92,100,3.0,light rain
640,Huaiyuan,CN,32.973,117.1995,64.17,70,0,5.95,light rain
641,Dhanaura,IN,28.9667,78.25,85.19,34,100,7.34,overcast clouds
642,Fort Dodge,US,42.4975,-94.168,48.2,66,90,16.11,overcast clouds
643,Caceres,ES,39.522,-6.3748,68.47,45,26,6.29,scattered clouds
644,Hukuntsi,BW,-24.0,21.75,65.12,33,0,16.62,clear sky
645,Mirnyy,RU,62.5353,113.9611,33.94,85,96,2.19,overcast clouds
646,Kogon,UZ,39.7228,64.5517,73.4,35,40,29.93,scattered clouds
647,Magadan,RU,59.5667,150.8,30.63,87,11,1.54,few clouds
648,Thunder Bay,CA,48.4001,-89.3168,48.2,49,75,9.22,broken clouds
649,Boende,CD,-0.2167,20.8667,70.23,99,100,2.51,light rain
650,Durban,ZA,-29.8579,31.0292,64.99,88,90,12.66,moderate rain
651,Marawi,PH,7.9986,124.2928,77.0,90,100,1.72,overcast clouds
652,Kerouane,GN,9.2667,-9.0167,80.89,58,66,5.93,broken clouds
653,Ketchikan,US,55.3422,-131.6461,46.4,76,90,11.5,light rain
654,Amontada,BR,-3.3617,-39.8317,80.58,88,72,5.26,broken clouds
655,Werda,BW,-25.2667,23.2833,64.69,27,0,11.39,clear sky
656,Derbent,RU,42.0678,48.2899,56.21,92,81,3.31,broken clouds
657,Tigre,AR,-34.426,-58.5796,66.99,59,20,10.36,few clouds
658,Hackettstown,US,40.854,-74.8291,50.0,93,100,9.95,overcast clouds
659,Sambava,MG,-14.2667,50.1667,77.11,77,66,11.65,broken clouds
660,Aykhal,RU,66.0,111.5,27.88,96,68,5.32,broken clouds
661,Sorochinsk,RU,52.4338,53.1583,57.87,55,12,3.24,few clouds
662,Gambela,ET,8.25,34.5833,73.33,89,100,0.47,overcast clouds
663,Avera,US,33.194,-82.5271,78.01,31,1,6.91,clear sky
664,Pine Bluff,US,34.2284,-92.0032,82.4,39,1,20.71,clear sky
665,Great Yarmouth,GB,52.6083,1.7305,60.01,82,90,18.41,overcast clouds
666,Constantine,DZ,36.365,6.6147,71.6,60,20,10.36,few clouds
667,Pilar,BR,-9.5972,-35.9567,82.4,65,40,12.66,scattered clouds
668,Nanakuli,US,21.3906,-158.1547,78.8,57,1,9.22,clear sky
669,Aksarka,RU,66.5606,67.7975,31.77,93,100,5.21,overcast clouds
